food_item,calories,protein,carbs,fats,saturated_fat,fiber,category,type
Corn n Cheese (Personal),432.6,17.91,65.64,10.93,5.14,3.85,All Meals,veg
Country Feast (Personal),407.6,16.73,67.11,8.03,3.24,7.19,All Meals,veg
Double Cheese (Personal),423.33,18.26,59.97,12.27,5.23,3.49,All Meals,veg
Double Paneer Supreme (Personal),474.03,20.07,52.86,20.26,9.25,3.79,All Meals,veg
Farmer`s Pick (Personal),408.16,19.91,53.93,12.53,4.9,2.46,All Meals,veg
Margherita (Personal),361.73,15.93,50.69,10.58,3.86,4.08,All Meals,veg
Spiced Paneer (Personal),408.01,21.68,47.54,14.57,8.02,6.92,All Meals,veg
Tandoori Onion (Personal),410.16,15.08,57.14,13.48,4.52,1.33,All Meals,veg
Tandoori Paneer (Personal),532.08,17.82,76.38,17.25,6.67,7.07,All Meals,veg
Veg Exotica (Personal),363.05,13.66,55.12,9.77,3.92,4.28,All Meals,veg
Veg Kebab Surprise (Personal),520.4,24.62,63.12,18.83,6.81,5.56,All Meals,veg
Veggie Feast (Personal),408.06,17.75,60.57,10.53,4.12,4.24,All Meals,veg
Veggie Lover (Personal),411.72,17.2,56.6,12.94,5.32,3.66,All Meals,veg
Veggie Supreme (Personal),426.59,17.75,55.39,14.42,5.52,4.43,All Meals,veg
Veggie Tandoori (Personal),432.21,13.98,58.12,15.98,5.36,2.0,All Meals,veg
Momo Mia Veg (Personal),510.19,19.88,65.21,18.87,8.23,9.34,All Meals,veg
Momo Mia Chicken (Personal),516.63,22.56,64.02,18.93,7.93,9.03,All Meals,non-veg
Chicken n Corn Delight (Personal),421.56,20.75,57.38,12.11,5.11,5.84,All Meals,non-veg
Chicken Pepper Crunch (Personal),447.43,21.32,50.59,17.76,7.45,5.86,All Meals,non-veg
Chicken Pepperoni (Personal),439.17,14.85,50.41,19.79,7.79,4.74,All Meals,non-veg
Chicken Sausage (Personal),443.02,17.98,48.93,19.48,8.03,4.68,All Meals,non-veg
Chicken Supreme (Personal),445.19,23.87,47.37,17.78,6.66,5.18,All Meals,non-veg
Chicken Tikka Supreme (Personal),434.67,22.49,49.46,16.32,6.16,4.31,All Meals,non-veg
Double Chicken Sausage (Personal),445.29,18.37,49.32,19.39,7.2,5.05,All Meals,non-veg
Italian Chicken Feast (Personal),449.4,20.08,53.52,17.22,6.38,5.34,All Meals,non-veg
Malai Chicken Tikka (Personal),425.45,21.62,53.99,13.67,6.06,3.9,All Meals,non-veg
Spiced Chicken Meatball (Personal),394.79,20.84,46.12,14.11,6.88,6.64,All Meals,non-veg
Triple Chicken Feast (Personal),424.46,24.15,50.12,22.76,9.25,4.88,All Meals,non-veg
Chicken Tikka (Personal),394.73,17.56,48.43,14.53,6.18,6.83,All Meals,non-veg
Veggie Tandoori (Medium),563.14,18.22,75.72,20.82,6.98,2.6,All Meals,non-veg
Momo Mia Veg (Medium),627.36,24.44,80.18,23.21,10.13,11.49,All Meals,veg
Corn n Cheese (Medium),557.7,23.09,84.62,14.1,6.62,4.96,All Meals,veg
Country Feast (Medium),542.71,22.28,89.35,10.69,4.31,9.57,All Meals,veg
Double Cheese (Medium),542.58,23.41,76.86,15.72,6.7,4.48,All Meals,veg
Double Paneer Supreme (Medium),607.41,25.71,67.73,25.96,11.85,4.85,All Meals,veg
Farmer`s Pick (Medium),528.07,25.76,69.78,16.21,6.34,3.18,All Meals,veg
Margherita (Medium),459.03,20.22,64.32,13.43,4.9,5.18,All Meals,veg
Spiced Paneer (Medium),532.754,28.31,62.08,19.02,10.48,9.04,All Meals,veg
Tandoori Onion (Medium),523.36,19.24,72.91,17.19,5.77,1.69,All Meals,veg
Tandoori Paneer (Medium),682.97,22.88,98.04,22.15,8.56,9.07,All Meals,veg
Veg Exotica (Medium),455.67,17.14,69.19,12.26,4.92,5.37,All Meals,veg
Veg Kebab Surprise (Medium),689.23,32.61,83.59,24.94,9.02,7.37,All Meals,veg
Veggie Feast (Medium),532.89,23.18,79.1,13.75,5.39,5.53,All Meals,non-veg
Veggie Lover (Medium),536.92,22.43,73.81,16.88,6.94,4.77,All Meals,non-veg
Veggie Supreme (Medium),550.26,22.89,71.45,18.6,7.12,5.72,All Meals,non-veg
Chicken n Corn Delight (Medium),444.9,21.7,58.79,13.66,5.34,2.68,All Meals,non-veg
Chicken Pepper Crunch (Medium),591.94,28.21,66.92,23.49,9.86,7.76,All Meals,non-veg
Chicken Pepperoni (Medium),561.68,18.99,64.48,25.31,9.96,6.07,All Meals,non-veg
Chicken Sausage (Medium),567.29,23.03,62.66,24.95,10.28,5.99,All Meals,non-veg
Chicken Supreme (Medium),585.84,31.42,62.33,23.4,8.76,6.81,All Meals,non-veg
Chicken Tikka Supreme (Medium),563.43,29.16,64.11,21.15,7.98,5.59,All Meals,non-veg
Double Chicken Sausage (Medium),568.53,23.45,62.97,24.76,9.2,6.45,All Meals,non-veg
Italian Chicken Feast (Medium),561.95,25.11,66.92,21.53,7.97,6.67,All Meals,non-veg
Malai Chicken Tikka (Medium),547.62,27.83,69.49,17.59,7.8,5.02,All Meals,non-veg
Spiced Chicken Meatball (Medium),505.95,26.71,59.1,18.08,8.81,8.51,All Meals,non-veg
Triple Chicken Feast (Medium),554.98,31.57,65.53,29.75,12.09,6.38,All Meals,non-veg
Chicken Tikka (Medium),588.84,26.19,72.25,21.67,9.22,10.19,All Meals,non-veg
Momo Mia Chicken (Medium),634.16,27.69,78.58,23.23,9.74,11.09,All Meals,non-veg
Corn n Cheese (Personal),332.61,15.12,44.5,10.46,4.13,2.85,All Meals,veg
Country Feast (Personal),376.45,16.44,58.33,8.6,3.32,5.65,All Meals,veg
Double Cheese (Personal),370.43,15.66,50.55,11.73,5.57,2.99,All Meals,veg
Double Paneer Supreme (Personal),414.59,18.35,45.34,17.76,9.31,3.3,All Meals,veg
Farmer`s Pick (Personal),361.77,17.29,46.87,11.63,3.88,2.21,All Meals,veg
Margherita (Personal),311.42,13.31,43.01,9.57,4.16,3.32,All Meals,veg
Spiced Paneer (Personal),359.58,19.1,41.31,13.1,6.22,5.84,All Meals,veg
Tandoori Onion (Personal),365.21,13.74,49.59,12.43,4.59,1.54,All Meals,veg
Tandoori Paneer (Personal),477.47,16.64,66.75,15.99,8.08,5.77,All Meals,veg
Veg Exotica (Personal),335.82,13.77,49.08,9.38,3.18,3.61,All Meals,veg
Veg Kebab Surprise (Personal),472.77,21.95,56.18,17.81,8.11,4.74,All Meals,veg
Veggie Feast (Personal),362.03,15.82,52.4,9.91,3.76,3.95,All Meals,non-veg
Veggie Lover (Personal),390.8,16.07,53.27,12.6,4.98,3.19,All Meals,non-veg
Veggie Supreme (Personal),382.29,16.7,48.88,13.33,5.79,3.73,All Meals,non-veg
Veggie Tandoori (Personal),388.81,13.23,51.14,14.59,6.22,2.22,All Meals,non-veg
Chicken n Corn Delight (Personal),310.91,15.82,38.81,10.37,4.22,3.05,All Meals,non-veg
Chicken Pepper Crunch (Personal),388.89,18.54,43.38,15.69,6.53,4.82,All Meals,non-veg
Chicken Pepperoni (Personal),385.35,14.12,44.11,16.93,6.63,3.89,All Meals,non-veg
Chicken Sausage (Personal),374.33,15.29,41.54,16.34,6.69,4.07,All Meals,non-veg
Chicken Supreme (Personal),1309.75,20.55,41.48,15.28,6.06,4.09,All Meals,non-veg
Chicken Tikka Supreme (Personal),405.84,20.24,47.19,15.09,6.1,3.52,All Meals,non-veg
Double Chicken Sausage (Personal),386.9,15.41,41.64,17.63,7.19,3.79,All Meals,non-veg
Italian Chicken Feast (Personal),407.76,18.83,47.06,16.02,6.26,5.2,All Meals,non-veg
Malai Chicken Tikka (Personal),385.98,18.69,48.24,13.14,5.75,3.2,All Meals,non-veg
Spiced Chicken Meatball (Personal),354.86,17.99,40.58,13.4,5.23,5.29,All Meals,non-veg
Triple Chicken Feast (Personal),462.99,21.7,48.22,20.17,8.36,4.65,All Meals,non-veg
Chicken Tikka (Personal),407.65,18.15,48.93,15.48,6.92,6.78,All Meals,non-veg
Veggie Tandoori (Medium),480.3,16.35,63.17,18.03,7.68,2.74,All Meals,non-veg
Corn n Cheese (Medium),406.53,18.48,54.39,12.78,5.05,3.48,All Meals,veg
Country Feast (Medium),481.67,21.03,74.63,11.0,4.24,7.23,All Meals,veg
Double Cheese (Medium),443.92,18.77,60.58,14.06,6.67,3.58,All Meals,veg
Double Paneer Supreme (Medium),507.01,22.44,55.45,21.72,11.39,4.03,All Meals,veg
Farmer`s Pick (Medium),454.66,21.72,58.91,14.62,4.87,2.77,All Meals,veg
Margherita (Medium),369.29,15.79,51.0,11.35,4.93,3.94,All Meals,veg
Spiced Paneer (Medium),446.9,23.73,51.35,16.29,7.73,7.26,All Meals,veg
Tandoori Onion (Medium),440.04,16.55,59.76,14.98,5.53,1.85,All Meals,veg
Tandoori Paneer (Medium),586.42,20.44,81.98,19.64,9.92,7.08,All Meals,veg
Veg Exotica (Medium),401.67,16.47,58.71,11.22,3.81,4.32,All Meals,veg
Veg Kebab Surprise (Medium),603.65,28.02,71.73,22.74,10.35,6.06,All Meals,veg
Veggie Feast (Medium),450.64,19.69,65.22,12.34,4.68,4.91,All Meals,non-veg
Veggie Lover (Medium),486.61,20.01,66.33,15.69,6.2,3.98,All Meals,non-veg
Veggie Supreme (Medium),473.08,20.67,60.49,16.49,7.17,4.61,All Meals,non-veg
Chicken n Corn Delight (Medium),392.84,19.99,49.03,13.11,5.33,3.85,All Meals,non-veg
Chicken Pepper Crunch (Medium),492.59,23.48,54.95,19.87,8.27,6.1,All Meals,non-veg
Chicken Pepperoni (Medium),466.92,17.11,53.45,20.52,8.03,4.71,All Meals,non-veg
Chicken Sausage (Medium),451.49,18.44,50.1,19.7,8.07,4.91,All Meals,non-veg
Chicken Supreme (Medium),485.2,25.86,52.18,19.23,7.62,5.15,All Meals,non-veg
Chicken Tikka Supreme (Medium),490.49,24.47,57.03,18.24,7.37,4.26,All Meals,non-veg
Double Chicken Sausage (Medium),466.64,18.58,50.23,21.27,8.67,4.57,All Meals,non-veg
Italian Chicken Feast (Medium),485.05,22.4,55.98,19.06,7.44,6.19,All Meals,non-veg
Malai Chicken Tikka (Medium),473.47,22.93,59.17,16.12,7.05,3.92,All Meals,non-veg
Spiced Chicken Meatball (Medium),432.56,21.93,49.47,16.33,6.38,6.45,All Meals,non-veg
Triple Chicken Feast (Medium),583.99,27.37,60.83,25.44,10.55,5.86,All Meals,non-veg
Chicken Tikka (Medium),516.89,23.01,62.04,19.63,8.77,8.59,All Meals,non-veg
Cheese Maxx (Personal),147.38,5.17,4.05,12.27,6.79,0.24,All Meals,veg
Veg kebab (Personal),192.02,5.86,13.73,12.63,3.58,0.71,All Meals,veg
Chicken Seekh Kebab (Personal),194.67,8.03,7.16,14.88,3.91,0.55,All Meals,non-veg
Cheese Maxx (Medium),149.37,4.97,4.04,12.59,6.94,0.22,All Meals,veg
Veg kebab (Medium),202.06,6.12,14.33,13.36,3.78,0.72,All Meals,veg
Chicken Seekh Kebab (Medium),204.75,8.42,7.37,15.73,4.13,0.55,All Meals,non-veg
Classic Paneer Capsicum & Onion,443.87,12.87,57.4,18.09,4.87,10.9,All Meals,veg
Schezwan Meatball & Capsicum,401.27,10.44,50.98,17.29,3.24,9.75,All Meals,non-veg
Spicy Baked Chicken Wings,140.22,14.12,6.77,8.7,2.56,1.69,All Meals,non-veg
Garlic Bread,246.73,3.58,18.45,17.63,8.96,2.14,All Meals,veg
Garlic Bread Spicy Supreme,270.17,5.27,29.21,14.7,9.99,2.7,All Meals,veg
Cheesy Comfort (Veg),332.02,18.81,28.68,15.78,6.19,3.3,All Meals,veg
Cheesy Comfort (Chicken),439.02,20.35,29.6,26.58,10.74,4.01,All Meals,non-veg
Indi Rockin Roll - Veg,289.81,11.81,28.58,14.25,6.02,2.35,All Meals,veg
Indi Rockin Roll - Chicken,255.65,12.32,27.07,10.9,4.64,2.41,All Meals,non-veg
Zesty Pocket (Veg),192.91,5.7,22.1,9.08,4.22,1.94,All Meals,veg
Zesty Pocket (Chicken),157.99,6.97,18.01,6.45,1.96,1.81,All Meals,non-veg
Baked Momos (Veg),218.975,6.1,17.99,13.62,5.16,3.62,All Meals,veg
Baked Momos (Chicken),223.71,9.94,15.72,13.45,4.85,2.95,All Meals,non-veg
Tear and Share (Veg),424.82,14.65,45.21,20.6,6.36,3.05,All Meals,veg
Tear and Share (Chicken),442.46,18.47,48.92,19.22,5.88,3.63,All Meals,non-veg
Choco Vanilla Romance,90.48,1.36,17.93,1.62,1.21,0.45,All Meals,veg
Ebony & Ivory,201.84,1.38,34.73,6.52,4.79,2.15,All Meals,veg
Choco Chip Cookie Sundae (Regular),433.72,6.39,68.66,15.12,10.36,3.59,All Meals,veg
Jamuntini,134.0,0.21,32.18,0.38,0.04,0.14,All Meals,veg
Masal Pepsi,126.5,0.21,30.93,0.38,0.04,0.14,All Meals,veg
Masala Mirinda,156.5,0.21,38.18,0.38,0.04,0.14,All Meals,veg
Pepsi,107.5,0.0,27.25,0.0,0.0,0.0,All Meals,veg
7 up,115.0,0.0,28.5,0.0,0.0,0.0,All Meals,veg
Mirinda,137.5,0.0,34.5,0.0,0.0,0.0,All Meals,veg
Lipton Ice Tea Lemon Flavoured,0.0,0.0,0.0,0.0,0.0,0.0,All Meals,veg
Pepsi Black,74.0,0.0,18.6,0.0,0.0,0.0,All Meals,veg
Crispy veg,426.7,8.4,52.0,20.6,7.2,8.0,All Meals,veg
BK veggie,398.2,8.6,52.4,17.2,5.8,11.0,All Meals,non-veg
Veg Chilli Cheese,422.6,11.6,50.6,19.3,8.1,10.0,All Meals,veg
Paneer king,525.8,14.0,67.1,22.4,10.4,10.0,All Meals,veg
Veg Supreme,374.1,11.5,49.2,16.5,5.0,7.0,All Meals,veg
Veg Surprise,385.1,10.3,51.7,15.3,8.7,5.0,All Meals,veg
Veg Whopper,749.0,11.0,100.6,31.4,16.0,12.0,All Meals,veg
Masala Whopper Veg,753.2,19.0,94.7,33.2,13.5,8.0,All Meals,veg
BK Grill,332.1,15.3,36.7,13.8,6.2,10.0,All Meals,veg
Chicken Tandoori Grill,369.1,24.1,35.5,14.6,3.6,4.0,All Meals,non-veg
Chicken Chilli Cheese,406.1,16.8,47.9,16.4,7.6,7.0,All Meals,non-veg
Chicken kheema,369.1,12.1,45.8,15.3,5.7,12.0,All Meals,non-veg
Crispy chicken,345.2,12.4,39.0,15.5,7.1,9.0,All Meals,non-veg
Xtra Long chicken,533.5,23.4,61.1,21.7,5.6,7.0,All Meals,non-veg
Chicken whopper,662.0,33.2,60.3,38.3,29.8,8.0,All Meals,non-veg
Mutton Whopper,624.2,12.5,71.0,30.4,24.3,7.0,All Meals,non-veg
Fiery chicken (South),400.0,22.9,61.7,16.2,9.5,8.0,All Meals,non-veg
Fiery Chicken (North & West),409.1,23.1,61.9,18.1,8.7,9.0,All Meals,non-veg
Masala Whopper Chicken,664.9,33.3,68.0,28.9,11.5,7.0,All Meals,non-veg
Masala Whopper Mutton,631.4,29.3,69.3,26.4,15.3,6.0,All Meals,non-veg
Chicken fries 5 pcs,206.0,10.9,19.9,9.2,4.4,10.0,All Meals,non-veg
Chicken fries 9 pcs,370.7,19.6,35.8,16.6,8.0,10.0,All Meals,non-veg
Chicken wings Fried ( 2Pcs),167.5,17.7,0.9,10.3,4.0,inf,All Meals,non-veg
Chicken wings Fried ( 4Pcs),332.8,35.2,1.8,20.5,8.0,inf,All Meals,non-veg
Chicken wings Fried ( 8Pcs),665.7,70.4,3.6,41.1,15.9,inf,All Meals,non-veg
Chicken wings Fried ( 15Pcs),1224.0,129.4,6.6,75.5,29.3,inf,All Meals,non-veg
Chicken wings Grilled ( 2Pcs),167.5,13.8,18.1,4.4,1.3,inf,All Meals,non-veg
Chicken wings Grilled ( 4Pcs),335.0,27.7,36.2,8.8,2.6,inf,All Meals,non-veg
Chicken wings Grilled ( 8Pcs),669.9,55.4,72.4,17.7,5.2,inf,All Meals,non-veg
Chicken wings Grilled ( 15Pcs),1275.5,105.4,137.8,33.6,9.9,inf,All Meals,non-veg
Fiery Rings 2Pcs,137.6,3.5,18.0,5.7,2.7,16.0,All Meals,veg
Fiery Rings 4Pcs,275.3,7.0,36.0,11.5,5.4,16.0,All Meals,veg
Veg strips 3 Pcs,136.6,2.7,16.7,6.5,3.1,9.0,All Meals,veg
Veg strips 6 Pcs,273.2,6.2,33.5,5.4,13.1,9.0,All Meals,veg
Potato Tots 8 Pcs,155.9,2.6,21.0,7.1,3.2,19.0,All Meals,veg
Fries Regular,263.9,4.4,37.7,10.6,4.9,42.0,All Meals,veg
Medium Fries,406.6,7.5,58.1,6.8,16.3,42.0,All Meals,veg
King fries,535.0,9.9,76.5,8.9,21.5,42.0,All Meals,veg
Cheesy fries,460.9,8.1,56.2,22.6,8.7,9.0,All Meals,veg
Cheesy Italian fries,530.9,10.8,63.0,26.1,26.1,6.0,All Meals,veg
Chicken keema Fries,541.4,15.3,55.9,28.5,10.0,9.0,All Meals,non-veg
"Sausage, Egg & Cheddar Classic Breakfast Sandwich",500.0,15.0,41.0,28.0,9.0,1.0,Hot Breakfast,non-veg
"Reduced-Fat Turkey-Style Bacon, Cheddar & Egg White
Breakfast Sandwich",230.0,13.0,28.0,6.0,2.5,2.0,Hot Breakfast,non-veg
"Bacon, Gouda & Egg on Artisan Roll",350.0,17.0,30.0,18.0,7.0,0.0,Hot Breakfast,non-veg
"Spinach, Feta & Egg White Breakfast Wrap",290.0,19.0,33.0,10.0,3.5,6.0,Hot Breakfast,non-veg
"Roasted Ham, Swiss & Egg on Croissant Bun",450.0,19.0,42.0,23.0,12.0,1.0,Hot Breakfast,non-veg
Egg & Cheddar on English Muffin,280.0,12.0,27.0,13.0,5.0,2.0,Hot Breakfast,non-veg
Double Smoked Bacon,490.0,17.0,40.0,27.0,13.0,1.0,Hot Breakfast,non-veg
Whole Grain Oatmeal,160.0,5.0,28.0,2.5,0.5,4.0,Hot Breakfast,veg
Maple Brown Sugar,50.0,0.0,13.0,0.0,0.0,0.0,Hot Breakfast,veg
Dried Fruit,100.0,1.0,24.0,0.4,0.0,2.0,Hot Breakfast,veg
Nut Medley,100.0,2.0,2.0,10.0,1.0,1.0,Hot Breakfast,veg
Cherry Oat Bar,240.0,3.0,36.0,8.0,5.0,1.0,"Cookies, Brownies & Bars",veg
Double Chocolate Chunk Brownie,380.0,4.0,41.0,23.0,7.0,2.0,"Cookies, Brownies & Bars",veg
Gluten Free Marshmallow Dream Bar,240.0,2.0,45.0,5.0,3.0,0.0,"Cookies, Brownies & Bars",veg
Oat Fudge Bar,360.0,5.0,45.0,20.0,11.0,3.0,"Cookies, Brownies & Bars",veg
Blueberry Bar,250.0,4.0,35.0,13.0,6.0,3.0,"Cookies, Brownies & Bars",veg
Oat Bar,360.0,6.0,43.0,19.0,11.0,5.0,"Cookies, Brownies & Bars",veg
Chocolate Chunk Cookie,380.0,5.0,54.0,19.0,12.0,2.0,"Cookies, Brownies & Bars",veg
Gluten Free Flourless Chocolate Cookie,170.0,2.0,30.0,5.0,2.5,2.0,"Cookies, Brownies & Bars",veg
Fruit & Oat Cookie,370.0,6.0,52.0,15.0,8.0,3.0,"Cookies, Brownies & Bars",veg
Multigrain Bagel,290.0,14.0,58.0,3.0,0.0,7.0,Hot Breakfast,veg
Everything with Cheese Bagel,270.0,10.0,54.0,2.0,1.0,2.0,"Croissants, Danishes & Bagels",veg
Asiago & Cheddar Pretzel,360.0,16.0,46.0,12.0,7.0,2.0,"Croissants, Danishes & Bagels",veg
Butter Croissant,270.0,6.0,28.0,14.0,9.0,1.0,"Croissants, Danishes & Bagels",veg
Chocolate Croissant,330.0,6.0,35.0,17.0,11.0,3.0,"Croissants, Danishes & Bagels",veg
Ham & Cheese Savoury Foldover,250.0,13.0,24.0,11.0,6.0,1.0,"Croissants, Danishes & Bagels",non-veg
Pepperoni and Tomato Savoury Foldover,270.0,10.0,27.0,14.0,7.0,3.0,"Croissants, Danishes & Bagels",veg
Spinach Savoury Foldover,250.0,4.0,23.0,15.0,8.0,3.0,"Croissants, Danishes & Bagels",veg
Morning Bun,350.0,7.0,54.0,15.0,10.0,2.0,"Croissants, Danishes & Bagels",veg
Cheese Danish,300.0,6.0,35.0,15.0,10.0,1.0,"Croissants, Danishes & Bagels",veg
Baa Loaf,380.0,5.0,52.0,17.0,3.0,2.0,"Loaves, Coffee Cakes & Cake Pops",veg
Lemon Loaf,430.0,6.0,57.0,20.0,6.0,1.0,"Loaves, Coffee Cakes & Cake Pops",veg
Reduced Fat Cinnamon Swirl Coffee Cake,370.0,5.0,67.0,9.0,4.5,2.0,"Loaves, Coffee Cakes & Cake Pops",veg
Birthday Cake Pop,180.0,1.0,24.0,9.0,5.0,0.0,"Loaves, Coffee Cakes & Cake Pops",veg
Blueberry Yogurt and Honey Muffin,380.0,6.0,53.0,16.0,4.0,1.0,"Loaves, Coffee Cakes & Cake Pops",veg
Blueberry Scone,360.0,5.0,50.0,15.0,9.0,2.0,"Loaves, Coffee Cakes & Cake Pops",veg
Cranberry Orange Scone,420.0,6.0,64.0,15.0,9.0,1.0,"Loaves, Coffee Cakes & Cake Pops",veg
Pumpkin Cream Cheese Muffin,350.0,5.0,53.0,14.0,4.0,1.0,Seasonal Bakery Offerings,veg
Pumpkin Bread,410.0,6.0,63.0,15.0,2.5,2.0,Seasonal Bakery Offerings,veg
Pumpkin Scone,450.0,4.0,64.0,21.0,14.0,2.0,Seasonal Bakery Offerings,veg
Apple Poundcake,360.0,5.0,44.0,18.0,10.0,2.0,Seasonal Bakery Offerings,veg
Pumpkin Sugar Cookie,330.0,4.0,37.0,19.0,12.0,0.0,Seasonal Bakery Offerings,veg
Pecan Tart,330.0,4.0,39.0,18.0,8.0,1.0,Seasonal Bakery Offerings,veg
Greek Yogurt & Honey Parfait,310.0,13.0,36.0,12.0,6.0,2.0,Fruit & Yogurt,veg
Strawberry Blueberry Yogurt Parfait,310.0,10.0,51.0,5.0,1.0,3.0,Fruit & Yogurt,veg
Seasonal Fruit Cup,80.0,1.0,20.0,0.0,0.0,3.0,Fruit & Yogurt,veg
McVeggie™ Burger,402.05,10.24,56.54,13.83,5.34,2.0,REGULAR MENU,non-veg
McAloo Tikki Burger®,339.52,8.5,50.27,11.31,4.27,2.0,REGULAR MENU,veg
McSpicy™ Paneer Burger,652.76,20.29,52.33,39.45,17.12,3.0,REGULAR MENU,veg
Spicy Paneer Wrap,674.68,20.96,59.27,39.1,19.73,3.0,REGULAR MENU,veg
American Veg Burger,512.17,15.3,56.96,23.45,10.51,3.0,REGULAR MENU,veg
Veg Maharaja Mac,832.67,24.17,93.84,37.94,16.83,3.0,REGULAR MENU,veg
Green Chilli Aloo Naan,356.09,7.91,46.36,15.08,6.11,3.0,REGULAR MENU,veg
Pizza Puff,228.21,5.45,24.79,11.44,5.72,3.0,REGULAR MENU,veg
Mc chicken Burger,400.8,15.66,47.98,15.7,5.47,2.0,REGULAR MENU,non-veg
FILLET-O-FISH Burger,348.11,15.44,38.85,14.16,5.79,3.0,REGULAR MENU,non-veg
Mc Spicy Chicken Burger,451.92,21.46,46.08,19.36,7.63,2.0,REGULAR MENU,non-veg
Spicy Chicken Wrap,567.19,23.74,57.06,26.89,12.54,2.0,REGULAR MENU,non-veg
Chicken Maharaja Mac,689.12,34.0,55.39,36.69,10.33,2.0,REGULAR MENU,non-veg
American Chicken Burger,446.95,20.29,38.54,22.94,7.28,3.0,REGULAR MENU,non-veg
Chicken Kebab Burger,357.05,8.64,47.9,14.02,4.84,3.0,REGULAR MENU,non-veg
Green Chilli Kebab naan,230.95,5.67,31.06,9.32,3.27,2.0,REGULAR MENU,veg
Mc Egg Masala Burger,290.42,12.45,32.89,12.27,3.64,2.0,REGULAR MENU,non-veg
Mc Egg Burger for Happy Meal,282.98,12.29,31.32,12.21,3.63,2.0,REGULAR MENU,non-veg
Ghee Rice with Mc Spicy Fried Chicken 1 pc,720.3,26.91,77.47,29.2,5.08,2.0,REGULAR MENU,non-veg
McSpicy Fried Chicken 1 pc,248.76,17.33,12.7,14.29,2.82,2.0,REGULAR MENU,non-veg
4 piece Chicken McNuggets,169.68,10.03,10.5,9.54,4.45,3.0,REGULAR MENU,non-veg
6 piece Chicken McNuggets,254.52,15.04,15.74,14.3,6.68,3.0,REGULAR MENU,non-veg
9 piece Chicken McNuggets,381.77,22.56,23.62,21.46,10.02,3.0,REGULAR MENU,non-veg
2 piece Chicken Strips,164.44,10.17,2.68,12.38,11.41,3.0,REGULAR MENU,non-veg
3 piece Chicken Strips,246.65,15.26,4.02,18.57,17.12,3.0,REGULAR MENU,non-veg
5 piece Chicken Strips,411.09,25.43,0.73,28.54,0.15,3.0,REGULAR MENU,non-veg
Regular Fries,224.59,3.38,27.08,10.39,4.97,3.0,REGULAR MENU,veg
Medium Fries,317.92,4.79,38.34,14.7,7.04,3.0,REGULAR MENU,veg
Large Fries,449.17,6.76,54.16,20.77,9.95,3.0,REGULAR MENU,veg
Regular Wedges,204.65,3.97,28.74,7.15,3.39,2.0,REGULAR MENU,veg
Medium Wedges,280.05,5.44,39.33,9.79,4.64,2.0,REGULAR MENU,veg
Large Wedges,387.76,7.53,54.46,13.55,6.43,2.0,REGULAR MENU,veg
L1 Coffee,6.8,0.0,1.7,0.0,0.0,0.0,REGULAR MENU,veg
L1 Coffee with milk,35.8,1.0,1.6,2.0,1.2,0.0,REGULAR MENU,veg
Double Chocochips Muffin,341.68,5.13,40.13,17.28,7.14,4.0,REGULAR MENU,veg
Vanilla Chocochips Muffin,329.29,4.48,40.13,15.46,7.14,4.0,REGULAR MENU,veg
Veg McMuffin,309.35,10.22,38.86,11.78,7.29,3.0,BREAKFAST MENU,veg
Double Cheese McMuffin,273.78,9.58,29.0,12.82,8.84,3.0,BREAKFAST MENU,veg
Spicy Egg McMuffin,278.27,11.49,31.37,11.81,3.43,2.0,BREAKFAST MENU,non-veg
Sausage Mc Muffin,281.44,16.25,28.62,10.81,6.04,3.0,BREAKFAST MENU,veg
Sausage Mc Muffin with egg,290.42,22.46,28.87,15.94,8.08,2.0,BREAKFAST MENU,non-veg
Egg McMuffin,283.46,14.05,28.12,12.31,6.92,3.0,BREAKFAST MENU,non-veg
Hot Cake with maple syrup,432.98,8.6,68.01,14.02,7.11,3.0,BREAKFAST MENU,veg
Hash Brown,140.29,1.93,15.63,7.32,3.42,2.0,BREAKFAST MENU,veg
Espresso,12.87,0.52,2.55,0.03,0.03,0.0,McCAFE MENU,veg
Espresso Machiato,44.98,2.09,4.97,2.02,1.49,1.0,McCAFE MENU,veg
Americano (S),12.87,0.52,2.55,0.03,0.03,0.0,McCAFE MENU,veg
Americano (R),23.07,0.94,4.57,0.05,0.05,0.0,McCAFE MENU,veg
Americano (L),26.71,1.09,5.3,0.06,0.06,0.0,McCAFE MENU,veg
Cappuccino (S),125.25,6.02,11.02,7.01,5.15,1.0,McCAFE MENU,veg
Cappuccino (R),183.61,8.79,16.67,10.02,7.37,1.0,McCAFE MENU,veg
Cappuccino (L),219.36,10.51,19.81,12.03,8.85,1.0,McCAFE MENU,veg
Latte (S),147.72,7.12,12.71,8.41,6.18,1.0,McCAFE MENU,veg
Latte (R),190.03,9.1,17.15,10.42,7.67,1.0,McCAFE MENU,veg
Latte (L),232.2,11.14,20.77,12.82,9.43,1.0,McCAFE MENU,veg
Flat White (S),166.99,8.06,14.16,9.6,7.06,1.0,McCAFE MENU,veg
Flat White (R),215.72,10.36,19.08,12.02,8.84,1.0,McCAFE MENU,veg
Flat White (L),251.47,12.08,22.22,14.02,10.31,1.0,McCAFE MENU,veg
Mocha (S),185.85,7.15,22.59,8.2,5.94,1.0,McCAFE MENU,veg
Mocha (R),244.0,8.99,31.72,9.91,7.17,1.0,McCAFE MENU,veg
Mocha (L),302.02,10.88,40.04,12.01,8.67,1.0,McCAFE MENU,veg
Babycino,143.5,3.87,22.85,4.38,3.08,1.0,McCAFE MENU,veg
Hot Chocolate (S),239.42,6.73,37.08,7.77,5.49,1.0,McCAFE MENU,veg
Hot Chocolate (R),296.81,7.7,48.41,8.76,6.13,1.0,McCAFE MENU,veg
Hot Chocolate (L),383.29,11.01,58.43,12.84,9.09,1.0,McCAFE MENU,veg
Premium Dark Hot Chocolate,214.21,6.15,33.04,5.96,4.27,1.0,McCAFE MENU,veg
Double Dark Hot Chocolate,255.78,6.87,41.29,6.32,4.49,2.0,McCAFE MENU,veg
English Breakfast (S),9.93,0.56,0.28,0.28,0.28,0.0,McCAFE MENU,veg
English Breakfast (R),11.75,0.66,0.33,0.33,0.33,0.0,McCAFE MENU,veg
English Breakfast (L),16.23,0.91,0.46,0.46,0.46,0.0,McCAFE MENU,veg
Moroccon Mint Green Tea (S),6.25,0.33,2.79,0.28,0.28,0.0,McCAFE MENU,veg
Moroccon Mint Green Tea (R),7.39,0.4,3.3,0.33,0.33,0.0,McCAFE MENU,veg
Moroccon Mint Green Tea (L),10.21,0.55,4.56,0.46,0.46,0.0,McCAFE MENU,veg
Strawberry Green Tea (S),7.03,0.47,2.79,0.28,0.28,0.0,McCAFE MENU,veg
Strawberry Green Tea (R),8.32,0.56,3.3,0.33,0.33,0.0,McCAFE MENU,veg
Strawberry Green Tea (L),11.49,0.78,4.56,0.46,0.46,0.0,McCAFE MENU,veg
Lemon Ice Tea,121.86,0.27,30.59,0.17,0.17,0.0,McCAFE MENU,veg
Strawberry Ice Tea,94.95,0.24,24.17,0.16,0.16,0.0,McCAFE MENU,veg
Green Apple Ice Tea,94.94,0.24,24.17,0.16,0.16,0.0,McCAFE MENU,veg
Iced Coffee,185.34,4.36,31.88,4.45,3.26,1.0,McCAFE MENU,veg
Cold Coffee Frappe,331.17,4.98,45.39,14.73,13.91,1.0,McCAFE MENU,veg
Mocha Frappe,397.98,5.49,60.93,15.01,14.0,1.0,McCAFE MENU,veg
Chocolate Oreo Frappe,481.11,6.03,72.51,18.89,15.91,1.0,McCAFE MENU,veg
Strawberry Shake,255.51,3.67,44.07,7.44,6.68,1.0,McCAFE MENU,veg
Chocolate Shake,270.9,4.16,46.76,7.7,6.74,1.0,McCAFE MENU,veg
Mango Smoothie,231.44,3.21,46.25,3.63,2.65,1.0,McCAFE MENU,veg
Mixed Berry Smoothie,235.43,3.33,47.16,3.59,2.64,1.0,McCAFE MENU,veg
Raw Mango Cooler,102.38,0.14,25.18,0.04,0.04,0.0,McCAFE MENU,veg
Mix Berry Cooler,103.85,0.16,25.56,0.04,0.04,0.0,McCAFE MENU,veg
Sweet Lime Beverage,128.21,0.07,31.72,0.08,0.0,0.0,McCAFE MENU,veg
Iced Americano,150.85,3.59,26.01,3.57,2.62,1.0,McCAFE MENU,veg
American Mud Pie Shake,398.19,5.67,64.75,12.77,11.38,1.0,McCAFE MENU,veg
Soft serve cone,85.73,1.99,15.23,1.82,1.31,1.0,McCAFE MENU,veg
McSwirl ChocoDip,160.14,2.71,20.92,7.14,5.25,2.0,McCAFE MENU,veg
Regular Soft Serve: Hot Fudge,121.64,2.25,19.11,4.02,3.01,1.0,McCAFE MENU,veg
Medium Soft Serve: Hot Fudge,197.45,3.49,30.42,6.87,5.16,1.0,McCAFE MENU,veg
Regular Soft Serve: Strawberry,100.99,1.54,19.78,1.77,1.3,1.0,McCAFE MENU,veg
Medium Soft Serve: Strawberry,156.14,2.05,31.77,2.36,1.74,1.0,McCAFE MENU,veg
Regular Soft Serve: Brownie with Hot Fudge,205.26,3.2,35.26,5.45,3.65,2.0,McCAFE MENU,veg
Medium Soft Serve: Brownie with Hot Fudge,311.39,4.65,55.24,7.46,4.71,2.0,McCAFE MENU,veg
Regular Blackforest,237.89,3.22,43.42,5.47,3.66,2.0,McCAFE MENU,veg
Medium Blackforest,429.95,5.42,79.04,9.76,6.47,2.0,McCAFE MENU,veg
Small McFlurry - Oreo,116.36,2.05,18.69,3.7,2.25,1.0,McCAFE MENU,veg
Regular McFlurry - Oreo,209.39,3.58,33.42,6.81,4.07,1.0,McCAFE MENU,veg
American Triple Cheese Chicken,457.94,24.43,37.45,22.65,11.56,2.0,DESSERTS MENU,non-veg
American Triple Cheese Veg,524.69,19.54,56.24,23.16,14.78,3.0,DESSERTS MENU,veg
Cheese Lava Burger,671.06,14.99,74.25,33.48,14.12,3.0,DESSERTS MENU,veg
Chicken Cheese Lava Burger,834.36,27.37,76.03,45.18,17.0,3.0,DESSERTS MENU,non-veg
Chunky Chipotle American Burger Chicken,641.36,39.47,46.24,31.51,9.54,2.0,DESSERTS MENU,non-veg
McSpicy Premium Chicken Burger,622.25,31.49,43.6,34.65,15.55,2.0,DESSERTS MENU,non-veg
McSpicy Premium Veg Burger,634.71,22.44,46.0,39.21,20.46,3.0,DESSERTS MENU,veg
Piri piri Mc Spicy Veg Burger,517.98,11.97,58.87,24.53,6.01,2.0,DESSERTS MENU,veg
Cheesy Veg Nuggets (6pc),252.29,8.48,23.6,13.09,7.53,3.0,DESSERTS MENU,veg
Cheesy Veg Nuggets (9pc),378.43,12.72,35.4,19.63,11.3,3.0,DESSERTS MENU,veg
Small Coca-Cola,109.56,0.0,27.39,0.0,0.0,0.0,GOURMET MENU,veg
Medium Coca-Cola,151.36,0.0,37.84,0.0,0.0,0.0,GOURMET MENU,veg
Large Coca-Cola,217.36,0.0,54.34,0.0,0.0,0.0,GOURMET MENU,veg
Small Fanta Oragne,129.48,0.0,32.37,0.0,0.0,0.0,GOURMET MENU,veg
Medium Fanta Orange,178.88,0.0,44.72,0.0,0.0,0.0,GOURMET MENU,veg
Large Fanta Oragne,256.88,0.0,64.22,0.0,0.0,0.0,GOURMET MENU,veg
Small Thums-up,99.6,0.0,24.9,0.0,0.0,0.0,GOURMET MENU,veg
Medium Thums-up,137.6,0.0,34.4,0.0,0.0,0.0,GOURMET MENU,veg
Large Thums-up,197.6,0.0,49.4,0.0,0.0,0.0,GOURMET MENU,veg
Small Sprite,119.52,0.0,29.88,0.0,0.0,0.0,GOURMET MENU,veg
Medium Sprite,165.12,0.0,41.28,0.0,0.0,0.0,GOURMET MENU,veg
Large Sprite,237.12,0.0,59.28,0.0,0.0,0.0,GOURMET MENU,veg
Coke Float,138.76,1.52,29.22,1.75,1.28,0.0,GOURMET MENU,veg
Fanta Float,151.56,1.52,32.42,1.75,1.28,1.0,GOURMET MENU,veg
Sprite Float,145.16,1.52,30.82,1.75,1.28,1.0,GOURMET MENU,veg
Coke Zero Can,0.99,0.0,0.0,0.0,0.0,0.0,GOURMET MENU,veg
Vedica Natural Mineral Water,0.0,0.0,0.0,0.0,0.0,0.0,GOURMET MENU,veg
Mustard diping sauce,81.18,0.52,7.24,5.57,1.78,3.0,CONDIMENTS MENU,veg
BBQ diping sauce,54.89,0.26,12.36,0.49,0.15,2.0,CONDIMENTS MENU,non-veg
Chilli Sauce,8.07,0.03,1.99,0.01,0.01,1.0,CONDIMENTS MENU,veg
Piri Piri Mix,17.13,0.51,2.5,0.36,0.08,3.0,CONDIMENTS MENU,veg
Tomato Ketchup Sachets,11.23,0.08,2.63,23.45,0.0,1.0,CONDIMENTS MENU,veg
Maple Syrup,86.4,0.0,21.6,0.0,0.0,3.0,CONDIMENTS MENU,veg
Cheese Slice,51.03,3.06,0.72,3.99,2.89,4.0,CONDIMENTS MENU,veg
Sweet Corn,45.08,1.47,7.55,1.0,0.22,1.0,CONDIMENTS MENU,veg
Mixed Fruit Beverage,72.25,0.65,18.0,0.02,0.02,0.0,CONDIMENTS MENU,veg
Hot Wings 2 pc,267.1,12.1,17.1,16.7,6.6,9.0,All Meals,veg
Veg Strips 4pc,280.5,7.0,32.4,13.6,6.3,7.0,All Meals,veg
Hot Wings 4 Pc,534.3,24.2,34.2,33.4,13.3,18.0,All Meals,veg
Popcorn Reg,272.0,15.0,18.0,15.6,6.8,8.0,All Meals,veg
Popcorn Med,374.0,20.6,24.7,21.4,9.4,11.0,All Meals,veg
Popcorn Lrg,578.0,31.8,38.2,33.1,14.5,18.0,All Meals,veg
Boneless Strips 3pc,358.6,27.0,20.7,18.6,8.2,10.0,All Meals,non-veg
Boneless Strips 6pc,717.2,54.1,41.3,37.3,16.3,20.0,All Meals,non-veg
Veg Biryani,512.4,9.7,74.5,19.3,7.7,12.0,All Meals,veg
Classic chicken biryani,586.5,28.4,56.4,27.4,10.3,14.0,All Meals,non-veg
Popcorn Chicken,587.4,23.4,69.7,24.4,10.0,11.0,All Meals,non-veg
"Smoky Chicken
Biryani",509.5,22.4,64.0,18.4,6.5,8.0,All Meals,non-veg
Veg Zinger Burger,623.0,14.5,83.4,25.7,9.5,11.0,All Meals,non-veg
"Chicken
Zinger Burger",563.1,26.6,57.1,26.6,8.2,11.0,All Meals,non-veg
Spicy Zinger,433.2,26.6,46.2,15.6,8.2,11.0,All Meals,non-veg
Classic Veg Crisper,342.2,8.9,54.6,27.6,9.5,12.0,All Meals,veg
Spicy Veg Crisper,367.5,9.2,59.0,18.9,7.0,9.0,All Meals,veg
Classic Non Veg Crisper,450.6,18.7,52.2,18.6,5.5,8.0,All Meals,non-veg
Spicy Non Veg Crisper,393.7,20.7,56.8,9.3,4.0,5.0,All Meals,non-veg
Tandoori Zinger Burger,999.9,27.4,68.5,32.3,9.2,13.0,All Meals,non-veg
"Mixed Zinger Doubles( 1 ch Zinger+1 Tandoori
Zinger)",1562.9,54.0,62.8,29.5,8.7,12.0,All Meals,non-veg
2 Classic veg Crispers,684.4,17.7,54.6,27.6,9.5,12.0,All Meals,veg
2 Classic Chicken Crisper,787.4,41.3,56.8,9.3,4.0,5.0,All Meals,non-veg
Double Down burger,588.7,37.6,33.8,33.7,12.2,16.0,All Meals,non-veg
1 pc,264.7,15.9,12.9,16.6,6.6,9.0,All Meals,non-veg
2 pc,529.4,31.9,25.8,33.2,13.1,19.0,All Meals,non-veg
4 pc,1058.8,63.7,25.8,33.2,13.1,19.0,All Meals,non-veg
6 Pc,1588.2,95.6,38.8,49.8,19.7,28.0,All Meals,non-veg
8 pc Bucket,2117.5,127.4,34.5,44.2,17.5,25.0,All Meals,non-veg
5 Pc Fried Leg,1440.0,89.3,42.6,41.3,16.5,22.0,All Meals,non-veg
10 Pc Fried Leg,2880.0,178.6,85.1,82.6,33.0,45.0,All Meals,non-veg
1 pc,174.9,21.3,8.0,6.4,1.8,4.0,All Meals,non-veg
2 pc,349.7,42.6,16.1,12.8,3.6,7.0,All Meals,non-veg
4 pc,699.4,85.3,32.1,25.5,7.3,14.0,All Meals,non-veg
5 PC,874.3,106.6,20.1,16.0,4.6,9.0,All Meals,non-veg
6 Pc,1049.1,127.9,24.1,19.2,5.5,11.0,All Meals,non-veg
8 pc Bucket,1398.8,170.5,21.4,17.0,4.9,10.0,All Meals,non-veg
"Chick & Share Bucket: Xtra
Large Popcorn",1156.0,63.6,38.2,33.1,14.5,18.0,All Meals,non-veg
"Chick & Share Bucket: 5 pc
Hot & Crispy",1323.5,79.6,32.3,41.5,16.4,23.0,All Meals,non-veg
Chick & Share Bucket: 10 pc Strips,1195.4,90.1,34.5,31.1,13.6,16.0,All Meals,non-veg
"Dips Bucket (12 Pc + 4
Dips)",1434.5,108.1,27.6,24.9,10.9,13.0,All Meals,non-veg
Mingles Bucket,1269.4,62.3,46.8,35.9,15.2,19.0,All Meals,non-veg
"Friendship Bucket DI/TA(3pc HC+3pc HW+3pc Strips +Med
Popcorn)",1022.6,34.9,24.4,21.9,4.5,6.0,All Meals,non-veg
Big Eight ( 4pc smoky+ 4pc HC),1758.2,149.0,27.9,30.6,11.2,17.0,All Meals,non-veg
"Friendship Bucket DL(3pc HC+3pc HW+3pc Strips + Large
Popcorn)",2131.4,124.8,41.1,42.2,17.5,23.0,All Meals,non-veg
"12 for 350
(12 BS + 4
dips) on Wednesdays",1434.5,108.1,27.6,24.9,10.9,13.0,All Meals,non-veg
"10 for 550
(10 pc HC)
on Wednesdays",2382.2,143.3,38.8,49.8,19.7,28.0,All Meals,non-veg
"Triple Treat (4 HC + 4
Smoky + 6 Boneless
Strips)",2475.4,203.0,41.7,43.1,16.6,24.0,All Meals,non-veg
"Super Sixes (4 HC, 6 HW,
8 Strips)",2816.5,172.1,39.5,41.5,17.0,23.0,All Meals,non-veg
"7up Krush
Lime",81.9,20.4,4.1,0.0,0.0,0.0,All Meals,veg
Sparkling Vanilla Blue,120.9,30.1,6.0,0.0,0.0,0.0,All Meals,veg
Virgin Mojito/,120.4,30.1,6.0,0.0,0.0,0.0,All Meals,veg
Regular Fries,224.1,5.0,27.5,10.4,4.9,5.0,All Meals,veg
Medium Fries,298.8,6.7,36.7,13.9,6.5,7.0,All Meals,veg
Large Fries,403.3,9.1,49.6,18.8,8.7,10.0,All Meals,veg
Pepsi Regular,141.9,0.0,36.0,0.0,0.0,0.0,All Meals,veg
Mirinda Regular,181.5,0.0,45.5,0.0,0.0,0.0,All Meals,veg
7 Up Regular,155.1,0.0,38.6,0.0,0.0,0.0,All Meals,veg
Dew Regular,161.7,0.0,40.6,0.0,0.0,0.0,All Meals,veg
Dynamite Spicy Mayo,77.4,0.2,3.4,7.0,1.2,2.0,All Meals,veg
Creamy Veg Mayo,73.9,0.2,2.5,7.0,1.1,2.0,All Meals,veg
Tandoori Masala Mayo,73.8,0.3,3.5,6.5,1.2,2.0,All Meals,veg
Zesty thousand Island Dip,72.3,0.3,3.6,6.3,1.2,2.0,All Meals,veg
"Nashvillle
Dip",30.2,0.1,7.1,0.2,1.0,2.0,All Meals,veg
"Nashville Sauce Bottle
-225 g",150.8,1.1,7.1,0.2,1.0,2.0,All Meals,veg
"Dynamite Spicy Mayo bottle -200
g",774.0,2.0,3.4,7.0,1.2,2.0,All Meals,veg
Pepsi,129.0,0.0,21.8,0.0,0.0,0.0,All Meals,veg
7Up,138.0,0.0,23.4,0.0,0.0,0.0,All Meals,veg
Mirinda,165.0,0.0,27.6,0.0,0.0,0.0,All Meals,veg
Pepsi Pet,215.0,0.0,36.3,0.0,0.0,0.0,All Meals,veg
Pepsi Black,0.0,0.0,0.0,0.0,0.0,0.0,All Meals,veg
Red Bull,112.5,0.0,22.0,0.0,0.0,0.0,All Meals,veg
MARGHERITA REGULAR,138.5,6.8,20.5,3.2,1.9,2.28,All Meals,veg
MARGHERITA MEDIUM,184.3,9.1,21.3,4.3,2.5,3.0,All Meals,veg
MARGHERITA LARGE,256.4,12.1,38.0,6.0,3.5,4.2,All Meals,veg
DOUBLE CHEESE MARGHERITA REGULAR,145.5,6.5,22.6,3.2,2.0,2.4,All Meals,veg
DOUBLE CHEESE MARGHERITA MEDIUM,166.7,1.5,25.9,3.1,2.3,2.76,All Meals,veg
DOUBLE CHEESE MARGHERITA LARGE,279.3,12.5,43.4,6.2,3.9,4.68,All Meals,veg
COUNTRY SPECIAL REGULAR,153.2,6.8,24.0,3.3,1.9,2.28,All Meals,veg
COUNTRY SPECIAL MEDIUM,175.5,7.8,21.5,3.8,2.2,2.64,All Meals,veg
COUNTRY SPECIAL LARGE,268.1,11.9,42.1,5.8,3.4,4.08,All Meals,veg
FARM HOUSE REGULAR,156.5,6.7,24.9,3.4,2.1,2.52,All Meals,veg
FARM HOUSE MEDIUM,184.6,1.9,29.3,4.0,2.5,3.0,All Meals,veg
FARM HOUSE LARGE,253.5,10.8,40.3,5.5,3.4,4.08,All Meals,veg
MEXICAN GREEN WAVE REGULAR,144.5,6.1,23.1,3.0,2.1,2.52,All Meals,veg
MEXICAN GREEN WAVE MEDIUM,181.9,7.7,29.1,3.8,2.6,3.12,All Meals,veg
MEXICAN GREEN WAVE LARGE,253.4,10.8,40.6,5.3,3.6,4.32,All Meals,veg
SPICY TRIPLE TANGO REGULAR,160.1,1.4,25.2,3.3,1.9,2.28,All Meals,veg
SPICY TRIPLE TANGO MEDIUM,175.1,8.1,21.6,3.6,2.0,2.4,All Meals,veg
SPICY TRIPLE TANGO LARGE,254.8,11.8,40.1,5.3,3.0,3.5999999999999996,All Meals,veg
PEPPY PANEER REGULAR,168.8,1.2,24.8,4.5,2.9,3.48,All Meals,veg
PEPPY PANEER MEDIUM,198.4,8.5,29.1,5.3,3.4,4.08,All Meals,veg
PEPPY PANEER LARGE,211.9,11.6,40.0,7.3,4.6,5.52,All Meals,veg
5 PEPPER REGULAR,190.0,8.5,31.6,3.3,1.8,2.16,All Meals,veg
6 PEPPER MEDIUM,161.5,7.5,21.9,2.9,1.6,1.92,All Meals,veg
7 PEPPER LARGE,225.4,10.1,31.5,3.9,2.2,2.64,All Meals,veg
VEGGIE PARADISE REGULAR,156.7,7.2,24.5,3.3,1.9,2.28,All Meals,veg
VEGGIE PARADISE MEDIUM,161.7,7.7,26.2,3.5,2.0,2.4,All Meals,veg
VEGGIE PARADISE LARGE,210.9,9.1,33.0,4.5,2.5,3.0,All Meals,veg
VEGGIE DELUXE PIZZA REGULAR,169.7,1.5,26.0,4.0,2.3,2.76,All Meals,veg
VEGGIE DELUXE PIZZA MEDIUM,175.6,1.8,26.9,4.1,2.4,2.88,All Meals,veg
VEGGIE DELUXE PIZZA LARGE,220.5,9.8,33.7,5.2,3.0,3.5999999999999996,All Meals,veg
VEG EXTRAVAGANZA REGULAR,173.3,8.8,29.2,2.4,1.3,1.56,All Meals,veg
VEG EXTRAVAGANZA MEDIUM,184.2,9.3,31.1,2.5,1.3,1.56,All Meals,veg
VEG EXTRAVAGANZA LARGE,242.6,12.3,40.9,3.3,1.8,2.16,All Meals,veg
CLOUD 9 REGULAR,170.1,7.1,23.3,5.2,3.1,3.72,All Meals,veg
CLOUD 10 MEDIUM,231.2,10.4,31.6,7.0,5.0,6.0,All Meals,veg
CLOUD 11 LARGE,274.2,12.4,37.5,8.3,5.9,7.08,All Meals,veg
CHEF'S VEG WONDER REGULAR,167.6,8.1,26.0,3.4,2.1,2.52,All Meals,veg
CHEF'S VEG WONDER MEDIUM,178.9,8.1,21.8,3.1,2.2,2.64,All Meals,veg
CHEF'S VEG WONDER LARGE,253.4,12.3,39.3,5.2,3.1,3.72,All Meals,veg
CHEESE & BBQ CHICKEN REGULAR,141.8,7.6,21.4,2.9,1.8,2.16,All Meals,non-veg
CHEESE & BBQ CHICKEN MEDIUM,180.5,9.7,21.3,3.6,2.3,2.76,All Meals,non-veg
CHEESE & BBQ CHICKEN LARGE,224.6,12.0,34.0,4.5,2.8,3.36,All Meals,non-veg
CHICKEN SALAMI SPECIAL REGULAR,116.7,7.1,18.3,8.3,1.7,2.04,All Meals,non-veg
CHICKEN SALAMI SPECIAL MEDIUM,209.2,8.4,21.7,9.9,9.2,11.04,All Meals,non-veg
CHICKEN SALAMI SPECIAL LARGE,283.7,11.4,29.4,13.4,12.4,14.88,All Meals,non-veg
BBQ CHICKEN REGULAR,152.1,7.2,23.3,3.3,2.4,2.88,All Meals,non-veg
BBQ CHICKEN MEDIUM,185.5,8.7,28.5,4.1,2.9,3.48,All Meals,non-veg
BBQ CHICKEN LARGE,255.4,12.0,39.2,5.6,4.0,4.8,All Meals,non-veg
CHICKEN FIESTA REGULAR,150.1,6.9,21.0,4.3,2.2,2.64,All Meals,non-veg
CHICKEN FIESTA MEDIUM,211.4,10.0,30.4,6.2,3.2,3.84,All Meals,non-veg
CHICKEN FIESTA LARGE,227.7,10.5,31.9,6.5,3.4,4.08,All Meals,non-veg
CHICKEN LOVERS REGULAR,145.0,7.1,23.1,2.4,1.4,1.68,All Meals,non-veg
CHICKEN LOVERS MEDIUM,172.7,9.1,21.5,2.9,1.6,1.92,All Meals,non-veg
CHICKEN LOVERS LARGE,238.0,12.6,31.9,4.0,2.3,2.76,All Meals,non-veg
CHICKEN MEXICANA REGULAR,156.6,8.0,22.7,3.8,2.5,3.0,All Meals,non-veg
CHICKEN MEXICANA MEDIUM,197.5,10.1,28.6,4.8,3.1,3.72,All Meals,non-veg
CHICKEN MEXICANA LARGE,241.4,12.3,35.0,5.8,3.8,4.56,All Meals,non-veg
CHICKEN GOLDEN DELIGHT REGULAR,170.0,1.5,31.8,1.4,0.9,1.08,All Meals,non-veg
CHICKEN GOLDEN DELIGHT MEDIUM,185.2,8.2,34.7,1.5,1.0,1.2,All Meals,non-veg
CHICKEN GOLDEN DELIGHT LARGE,225.1,9.9,42.1,1.9,1.2,1.44,All Meals,non-veg
CHEFS CHICKEN CHOICE REGULAR,163.9,8.6,23.9,3.1,1.6,1.92,All Meals,non-veg
CHEFS CHICKEN CHOICE MEDIUM,194.3,10.2,28.3,4.4,1.9,2.28,All Meals,non-veg
CHEFS CHICKEN CHOICE LARGE,254.7,13.4,31.1,5.8,2.5,3.0,All Meals,non-veg
CHICKEN DOMINATOR REGULAR,112.5,9.1,21.7,5.5,2.5,3.0,All Meals,non-veg
CHICKEN DOMINATOR MEDIUM,226.7,12.0,28.5,7.2,3.3,3.959999999999999,All Meals,non-veg
CHICKEN DOMINATOR LARGE,399.0,18.3,48.0,14.9,7.9,9.48,All Meals,non-veg
SEVENTH HEAVEN REGULAR,158.4,9.4,19.6,4.1,1.5,1.7999999999999998,All Meals,veg
SEVENTH HEAVEN MEDIUM,224.4,13.3,27.8,6.1,2.2,2.64,All Meals,veg
SEVENTH HEAVEN LARGE,231.9,14.1,29.4,7.1,2.3,2.76,All Meals,veg
NON-VEG SUPREME REGULAR,174.5,7.3,21.8,3.8,2.4,2.88,All Meals,veg
NON-VEG SUPREME MEDIUM,199.2,8.3,31.7,4.3,2.7,3.24,All Meals,veg
NON-VEG SUPREME LARGE,287.9,12.0,45.9,6.3,3.9,4.68,All Meals,veg
CHEESE & PEPPERONI REGULAR,189.0,9.2,23.1,6.7,3.8,4.56,All Meals,veg
CHEESE & PEPPERONI MEDIUM,210.0,10.2,25.6,7.4,4.3,5.159999999999999,All Meals,veg
CHEESE & PEPPERONI LARGE,272.3,13.2,33.2,9.6,5.5,6.6,All Meals,veg
GARLIC BREADSTICKS ,340.3,11.9,57.6,6.9,1.4,1.68,All Meals,veg
STUFFED GARLIC BREADSTICKS ,540.2,20.2,82.4,14.4,6.1,7.319999999999999,All Meals,veg
PASTA - VEG WHITE ,593.2,19.6,80.0,21.4,8.0,9.6,All Meals,veg
TACO MEXICANA - VEG ,321.2,6.8,40.3,15.4,4.4,5.28,All Meals,veg
CALZONE POCKETS - VEG ,593.3,20.6,91.1,16.3,7.5,9.0,All Meals,veg
ZINGY PARCEL VEG ,620.4,16.9,69.5,30.5,15.1,18.119999999999997,All Meals,veg
LAVA CAKE ,323.2,5.1,48.4,12.1,8.6,10.32,All Meals,veg
CHICKEN WINGS ,352.9,35.3,24.5,12.6,4.8,5.76,All Meals,non-veg
CRISPY CHICKEN STRIPS ,461.2,26.7,51.3,13.9,4.3,5.159999999999999,All Meals,non-veg
ZINGY PARCEL CHICKEN ,667.5,19.2,17.3,31.3,14.1,16.919999999999998,All Meals,non-veg
TACO MEXICANA - CHICKEN ,322.6,9.3,34.2,16.5,4.5,5.3999999999999995,All Meals,non-veg
CALZONE POCKETS - CHICKEN ,582.9,18.6,101.0,11.6,4.2,5.04,All Meals,non-veg
Chicken Biryani (1 plate),750,35,85,25,8,4,Non-Veg
Veg Biryani (1 plate),600,12,90,20,6,6,Veg
Butter Chicken & Naan,850,30,70,45,18,3,Non-Veg
Paneer Butter Masala & Naan,780,18,65,50,22,4,Veg
Masala Dosa,450,8,65,16,6,4,Veg
Chole Bhature (2 pcs),650,14,80,28,8,6,Veg
Pav Bhaji (2 pavs),550,10,75,22,12,8,Veg
Pizza (Cheese Burst Slice),350,12,35,18,9,2,Veg
Pizza (Chicken Slice),380,16,35,19,8,2,Non-Veg
Burger (Veg),450,9,55,20,6,3,Veg
Burger (Chicken),520,22,45,26,8,2,Non-Veg
Veg Momos (Plate of 8),320,8,60,4,1,2,Veg
Chicken Momos (Plate of 8),380,18,50,10,3,1,Non-Veg
Fried Momos (Veg),450,7,60,18,4,2,Veg
Samosa (2 pcs),520,6,54,30,8,4,Veg
Vada Pav (2 pcs),580,8,80,24,6,5,Veg
Hakke Noodles,420,8,65,14,3,4,Veg
Chicken Fried Rice,550,18,65,22,5,2,Non-Veg
Manchurian (Dry),350,6,40,18,4,3,Veg
Gulab Jamun (2 pcs),300,4,45,12,6,0,Veg
Rasmalai (2 pcs),320,8,35,16,8,0,Veg
Chocolate Cake (1 slice),400,4,55,18,10,2,Veg
Ice Cream (1 scoop),220,4,25,12,8,0,Veg
French Fries (Medium),380,4,48,18,6,4,Veg
Spring Rolls,280,5,30,16,3,2,Veg
Pani Puri (6 pcs),180,3,32,4,1,2,Veg
Aloo Tikki Burger,480,8,62,20,5,4,Veg
Mutton Rogan Josh,650,35,12,48,15,3,Non-Veg
Fish Fry (2 pcs),420,30,12,28,6,1,Non-Veg
Pasta (White Sauce),550,14,60,28,14,2,Veg
Pasta (Red Sauce),420,10,75,10,2,6,Veg